"human_ensembl","human_symbol","mouse_genes","n_celltypes","celltypes","best_padj","max_log2FC","druggable_any","clin_tractable","sm_buckets","ab_buckets","n_drugs","max_stage","max_stage_lab","example_drugs","target_class","n_safety","tier","housekeeping"
"ENSG00000131981","LGALS3","Lgals3",3,"Alveolar macrophages; Dendritic cells; Interstitial macrophages",3.76827814084653e-08,2.31012706931255,TRUE,TRUE,"Advanced Clinical; Structure with Ligand; High-Quality Ligand","UniProt loc high conf; GO CC high conf",3,NA,NA,"BELAPECTIN; OLITIGALTIN; DAVANAT","Other cytosolic protein",1,"A: existing drug",FALSE
"ENSG00000118785","SPP1","Spp1",1,"Alveolar macrophages",3.92744177290802e-14,1.37566312915906,TRUE,TRUE,"","Advanced Clinical; UniProt loc high conf; GO CC high conf; UniProt SigP or TMHMM",1,NA,NA,"ASK-8007","Secreted protein",0,"A: existing drug",FALSE
"ENSG00000136235","GPNMB","Gpnmb",1,"Alveolar macrophages",1.53006169998321e-08,1.3738086141036,TRUE,TRUE,"","Advanced Clinical; GO CC high conf; UniProt loc med conf; UniProt SigP or TMHMM",2,NA,NA,"GLEMBATUMUMAB; GLEMBATUMUMAB VEDOTIN","Unclassified protein",0,"A: existing drug",FALSE
"ENSG00000136160","EDNRB","Ednrb",1,"Interstitial macrophages",0.191434385763247,1.25533928968201,TRUE,TRUE,"Approved Drug; Structure with Ligand; High-Quality Ligand; Druggable Family","UniProt loc high conf; GO CC high conf; UniProt SigP or TMHMM; Human Protein Atlas loc",10,NA,NA,"BOSENTAN; AMBRISENTAN; APROCITENTAN; SITAXENTAN; MACITENTAN","Family A G protein-coupled receptor; Short peptide receptor (family A GPCR); Membrane receptor; Peptide receptor (family A GPCR); Endothelin receptor",16,"A: existing drug",FALSE
"ENSG00000198431","TXNRD1","Txnrd1",1,"Alveolar macrophages",3.29900757418001e-07,1.24758147480249,TRUE,TRUE,"Approved Drug; Structure with Ligand; High-Quality Ligand; High-Quality Pocket; Druggable Family","",3,NA,NA,"AUROTHIOGLUCOSE; MOTEXAFIN GADOLINIUM; ARSENIC TRIOXIDE","Enzyme; Oxidoreductase",0,"A: existing drug",FALSE
"ENSG00000026025","VIM","Vim",4,"Alveolar macrophages; Dendritic cells; Interstitial macrophages; T cells",6.9821136331021e-07,1.04965580967374,TRUE,TRUE,"High-Quality Pocket","Advanced Clinical; UniProt loc med conf; GO CC med conf",1,NA,NA,"PRITUMUMAB","Structural protein",0,"A: existing drug",FALSE
"ENSG00000100097","LGALS1","Lgals1",2,"Dendritic cells; Interstitial macrophages",0.00142348531150589,1.01699192094905,TRUE,TRUE,"Structure with Ligand; High-Quality Ligand; High-Quality Pocket","UniProt loc high conf; GO CC high conf",1,NA,NA,"DAVANAT","Other cytosolic protein",0,"A: existing drug",FALSE
"ENSG00000108691","CCL2","Ccl2",1,"Interstitial macrophages",0.116011874688332,0.948397894030566,TRUE,TRUE,"High-Quality Ligand","Advanced Clinical; UniProt loc high conf; GO CC high conf; UniProt SigP or TMHMM",1,NA,NA,"CARLUMAB","Chemokine receptor; Peptide receptor (family A GPCR); Family A G protein-coupled receptor; CC chemokine receptor; Membrane receptor",1,"A: existing drug",FALSE
"ENSG00000162889","MAPKAPK2","Mapkapk2",1,"Alveolar macrophages",0.0401203413253343,0.701527847478585,TRUE,TRUE,"Phase 1 Clinical; Structure with Ligand; High-Quality Ligand; High-Quality Pocket; Druggable Family","",1,NA,NA,"AT-13148","CAMK protein kinase group; Kinase; Enzyme; CAMK protein kinase MAPKAPK subfamily; Protein Kinase; CAMK protein kinase MAPKAPK family",1,"A: existing drug",FALSE
"ENSG00000196230","TUBB","Tubb5",1,"Dendritic cells",0.000716879037990025,0.69813669878756,TRUE,TRUE,"Approved Drug; Structure with Ligand; High-Quality Ligand; Druggable Family","GO CC high conf",87,NA,NA,"VANDORTUZUMAB VEDOTIN; VINCRISTINE SULFATE; LADIRATUZUMAB VEDOTIN; PATUPILONE; CABAZITAXEL","Structural protein",0,"A: existing drug",FALSE
"ENSG00000181163","NPM1","Npm1",2,"B cells; Interstitial macrophages",0.204764234618433,0.692254221454418,TRUE,TRUE,"Approved Drug; Structure with Ligand; High-Quality Ligand; Druggable Family","",2,NA,NA,"CRIZOTINIB; CERITINIB","Other nuclear protein; Enzyme; TKL protein kinase group; TKL protein kinase STKR family; TKL protein kinase STKR Type 1 subfamily; Protein Kinase; Kinase",0,"A: existing drug",FALSE
"ENSG00000100300","TSPO","Tspo",2,"Alveolar macrophages; T cells",0.00465188280859249,0.68914554037152,TRUE,TRUE,"Approved Drug; High-Quality Ligand; Druggable Family","UniProt SigP or TMHMM",3,NA,NA,"EMAPUNIL; ALPIDEM; ONO-2952","Membrane receptor",7,"A: existing drug",FALSE
"ENSG00000105383","CD33","Cd33",1,"Alveolar macrophages",0.0898245944342493,0.666098938823473,TRUE,TRUE,"Structure with Ligand","Advanced Clinical; UniProt loc high conf; GO CC high conf; UniProt SigP or TMHMM; Human Protein Atlas loc",5,NA,NA,"LINTUZUMAB; GEMTUZUMAB; ONCOLYSIN M; GEMTUZUMAB OZOGAMICIN; AVE-9633","Surface antigen",0,"A: existing drug",FALSE
"ENSG00000100804","PSMB5","Psmb5",1,"Alveolar macrophages",0.000408887427661032,0.662393674292888,TRUE,TRUE,"Approved Drug; Structure with Ligand; High-Quality Ligand; Druggable Family","",6,NA,NA,"OPROZOMIB; IXAZOMIB; CARFILZOMIB; MARIZOMIB; BORTEZOMIB D-MANNITOL","Threonine protease; Protease; Threonine protease T1A subfamily; Threonine protease PBT clan; Enzyme",0,"A: existing drug",FALSE
"ENSG00000115758","ODC1","Odc1",1,"Alveolar macrophages",0.237637755615525,0.654978662565613,TRUE,TRUE,"Approved Drug; Structure with Ligand; High-Quality Ligand; High-Quality Pocket; Druggable Family","",2,NA,NA,"EFLORNITHINE; EFLORNITHINE HYDROCHLORIDE","Enzyme; Lyase",0,"A: existing drug",FALSE
"ENSG00000017427","IGF1","Igf1",1,"Interstitial macrophages",0.209375934475713,0.647592425238539,TRUE,TRUE,"Structure with Ligand; Med-Quality Pocket","Advanced Clinical; GO CC high conf; UniProt loc med conf; UniProt SigP or TMHMM",2,NA,NA,"XENTUZUMAB; DUSIGITUMAB","Secreted protein",1,"A: existing drug",FALSE
"ENSG00000132329","RAMP1","Ramp1",1,"T cells",0.00145057146227715,0.614283102650068,TRUE,TRUE,"Approved Drug; Structure with Ligand; High-Quality Ligand; Druggable Family","UniProt loc high conf; GO CC high conf; UniProt SigP or TMHMM",4,NA,NA,"PRAMLINTIDE; ZAVEGEPANT; PRAMLINTIDE ACETATE; DAVALINTIDE","Calcitonin-like receptor; Other membrane protein; Peptide receptor (family B GPCR); Family B G protein-coupled receptor; Membrane receptor; Calcitonin receptor",0,"A: existing drug",FALSE
"ENSG00000136810","TXN","Txn1",2,"Alveolar macrophages; Dendritic cells",0.0109439309289098,0.59933344016754,TRUE,TRUE,"Advanced Clinical; Structure with Ligand; High-Quality Ligand; Druggable Family","UniProt loc high conf; GO CC high conf",1,NA,NA,"PX-12","Enzyme; Oxidoreductase",0,"A: existing drug",FALSE
"ENSG00000104870","FCGRT","Fcgrt",1,"Interstitial macrophages",0.239138053196301,0.596653813330024,TRUE,TRUE,"Structure with Ligand","Approved Drug; UniProt loc high conf; UniProt loc med conf; UniProt SigP or TMHMM; GO CC med conf",5,NA,NA,"ORILANOLIMAB; BATOCLIMAB; EFGARTIGIMOD ALFA; ROZANOLIXIZUMAB; NIPOCALIMAB","Unclassified protein",0,"A: existing drug",FALSE
"ENSG00000116690","PRG4","Prg4",1,"Monocytes",0.105377009449925,6.96452986511894,TRUE,FALSE,"","UniProt loc high conf; UniProt SigP or TMHMM; GO CC med conf",0,NA,NA,"","",0,"C: druggable",FALSE
"ENSG00000108700","CCL8","Ccl8",1,"Interstitial macrophages",0.167733411089519,3.21704293626434,TRUE,FALSE,"","UniProt loc med conf; UniProt SigP or TMHMM; GO CC med conf",0,NA,NA,"","",0,"C: druggable",FALSE
"ENSG00000124762","CDKN1A","Cdkn1a",3,"Cycling cells; Dendritic cells; Interstitial macrophages",8.24911105570881e-06,2.52160736139297,TRUE,FALSE,"Druggable Family","",0,NA,NA,"","AGC protein kinase AKT family; Enzyme; Protein Kinase; AGC protein kinase group; Other cytosolic protein; Kinase",1,"C: druggable",FALSE
"ENSG00000085265","FCN1","Fcna",1,"Interstitial macrophages",0.00017370458259628,2.40610168997542,TRUE,FALSE,"Structure with Ligand; High-Quality Pocket","UniProt loc high conf; GO CC high conf; UniProt SigP or TMHMM",0,NA,NA,"","",0,"C: druggable",FALSE
"ENSG00000160339","FCN2","Fcna",1,"Interstitial macrophages",0.00017370458259628,2.40610168997542,TRUE,FALSE,"Structure with Ligand; High-Quality Pocket","GO CC high conf; UniProt loc med conf; UniProt SigP or TMHMM",0,NA,NA,"","",0,"C: druggable",FALSE
"ENSG00000182718","ANXA2","Anxa2",2,"Dendritic cells; Interstitial macrophages",0.118807519004804,2.01091155934853,TRUE,FALSE,"Structure with Ligand; High-Quality Pocket","UniProt loc high conf; GO CC high conf; Human Protein Atlas loc",0,NA,NA,"","Ion channel; Annexin; Other ion channel",0,"C: druggable",FALSE
"ENSG00000133800","LYVE1","Lyve1",1,"Interstitial macrophages",0.0274664754857338,1.98035512520234,TRUE,FALSE,"Structure with Ligand","UniProt loc high conf; GO CC high conf; UniProt SigP or TMHMM",0,NA,NA,"","",0,"C: druggable",FALSE
"ENSG00000164687","FABP5","Fabp5",1,"Interstitial macrophages",0.0261694603257838,1.94449053144562,TRUE,FALSE,"Structure with Ligand; High-Quality Ligand; Med-Quality Pocket","GO CC high conf; UniProt loc med conf",0,NA,NA,"","Fatty acid binding protein family; Auxiliary transport protein",0,"C: druggable",FALSE
"ENSG00000130513","GDF15","Gdf15",2,"Alveolar macrophages; Interstitial macrophages",7.91920436674825e-06,1.85197742653577,TRUE,FALSE,"","UniProt loc high conf; GO CC high conf; UniProt SigP or TMHMM",0,NA,NA,"","Secreted protein",0,"C: druggable",FALSE
"ENSG00000130203","APOE","Apoe",1,"Cycling cells",0.136187963723387,1.77273137651076,TRUE,FALSE,"Structure with Ligand","UniProt loc high conf; GO CC high conf; UniProt SigP or TMHMM",0,NA,NA,"","",4,"C: druggable",FALSE
"ENSG00000090104","RGS1","Rgs1",1,"Alveolar macrophages",0.000148940052131275,1.68085273383145,TRUE,FALSE,"Structure with Ligand","UniProt loc high conf; GO CC high conf",0,NA,NA,"","",0,"C: druggable",FALSE
"ENSG00000123342","MMP19","Mmp19",1,"Alveolar macrophages",0.000144182812414561,1.67484778326597,TRUE,FALSE,"Druggable Family","GO CC high conf; UniProt loc med conf; UniProt SigP or TMHMM",0,NA,NA,"","Metallo protease; Metallo protease M10A subfamily; Metallo protease MAM clan; Protease; Enzyme",0,"C: druggable",FALSE
"ENSG00000135404","CD63","Cd63",1,"Alveolar macrophages",3.92744177290802e-14,1.64015521160251,TRUE,FALSE,"","UniProt loc high conf; GO CC high conf; UniProt SigP or TMHMM",0,NA,NA,"","Surface antigen",0,"C: druggable",FALSE
"ENSG00000175445","LPL","Lpl",2,"Alveolar macrophages; Interstitial macrophages",2.72245488661147e-05,1.58836048768909,TRUE,FALSE,"Structure with Ligand; High-Quality Ligand; Druggable Family","UniProt loc high conf; GO CC high conf; UniProt loc med conf; UniProt SigP or TMHMM",0,NA,NA,"","Enzyme; Hydrolase",1,"C: druggable",FALSE
"ENSG00000274736","CCL23","Ccl6/Ccl9",2,"Alveolar macrophages; Interstitial macrophages",8.76976507884152e-06,1.58736525322984,TRUE,FALSE,"","GO CC high conf; UniProt loc med conf; UniProt SigP or TMHMM",0,NA,NA,"","",0,"C: druggable",FALSE
"ENSG00000100292","HMOX1","Hmox1",2,"Alveolar macrophages; Interstitial macrophages",7.9856318447958e-07,1.51426087915857,TRUE,FALSE,"Structure with Ligand; High-Quality Ligand; High-Quality Pocket","UniProt SigP or TMHMM",0,NA,NA,"","Enzyme; Oxidoreductase",0,"C: druggable",FALSE
"ENSG00000272398","CD24","Cd24a",3,"Alveolar macrophages; B cells; Dendritic cells",9.04216713226109e-05,1.45974131059236,TRUE,FALSE,"","UniProt loc med conf; UniProt SigP or TMHMM; GO CC med conf",0,NA,NA,"","",0,"C: druggable",FALSE
"ENSG00000102760","RGCC","Rgcc",1,"Alveolar macrophages",0.0215441662252083,1.44404206011613,TRUE,FALSE,"","",0,NA,NA,"","",0,"C: druggable",FALSE
"ENSG00000142089","IFITM3","Ifitm3",1,"Interstitial macrophages",0.0179905428511022,1.33337380365228,TRUE,FALSE,"","UniProt loc high conf; GO CC high conf; UniProt SigP or TMHMM",0,NA,NA,"","",0,"C: druggable",FALSE
"ENSG00000176788","BASP1","Basp1",1,"Alveolar macrophages",0.000625220788862297,1.29683206908062,TRUE,FALSE,"","GO CC high conf; UniProt loc med conf; Human Protein Atlas loc",0,NA,NA,"","",0,"C: druggable",FALSE
"ENSG00000099622","CIRBP","Cirbp",3,"B cells; Neutrophils; T cells",7.65571093182913e-07,1.26703460603654,TRUE,FALSE,"Structure with Ligand","",0,NA,NA,"","",0,"C: druggable",FALSE
"ENSG00000103769","RAB11A","Rab11a",1,"Interstitial macrophages",0.191434385763247,1.25213327597006,TRUE,FALSE,"Structure with Ligand; High-Quality Pocket","UniProt loc high conf; GO CC med conf",0,NA,NA,"","Enzyme; Hydrolase",0,"C: druggable",FALSE
"ENSG00000087088","BAX","Bax",1,"Interstitial macrophages",0.0356329484143032,1.24910969886603,TRUE,FALSE,"Structure with Ligand; High-Quality Ligand","UniProt SigP or TMHMM",0,NA,NA,"","Ion channel; Other ion channel; Bcl-2 family; Miscellaneous ion channel",1,"C: druggable",FALSE
"ENSG00000019169","MARCO","Marco",1,"Alveolar macrophages",4.78374885580214e-13,1.21669260283892,TRUE,FALSE,"","UniProt loc high conf; GO CC high conf; UniProt SigP or TMHMM",0,NA,NA,"","",0,"C: druggable",FALSE
"ENSG00000165794","SLC39A2","Slc39a2",1,"Alveolar macrophages",0.00236876784348552,1.18237799972364,TRUE,FALSE,"","UniProt loc high conf; GO CC high conf; UniProt SigP or TMHMM; Human Protein Atlas loc",0,NA,NA,"","",0,"C: druggable",FALSE
"ENSG00000173221","GLRX","Glrx",1,"Alveolar macrophages",3.63564581992807e-05,1.17198847575238,TRUE,FALSE,"Structure with Ligand","",0,NA,NA,"","",0,"C: druggable",FALSE
"ENSG00000139684","ESD","Esd",1,"Alveolar macrophages",2.41717949725197e-10,1.13292389467985,TRUE,FALSE,"High-Quality Pocket","",0,NA,NA,"","Enzyme; Hydrolase",0,"C: druggable",FALSE
"ENSG00000090013","BLVRB","Blvrb",1,"Alveolar macrophages",6.9821136331021e-07,1.13267562007973,TRUE,FALSE,"Structure with Ligand; High-Quality Ligand; High-Quality Pocket","GO CC high conf",0,NA,NA,"","Enzyme; Oxidoreductase",0,"C: druggable",FALSE
"ENSG00000160213","CSTB","Cstb",2,"Alveolar macrophages; Interstitial macrophages",0.00151018049864911,1.11785130747262,TRUE,FALSE,"","GO CC high conf",0,NA,NA,"","Unclassified protein",0,"C: druggable",FALSE
"ENSG00000117450","PRDX1","Prdx1",2,"Alveolar macrophages; Interstitial macrophages",0.000186867317121351,1.11008533715302,TRUE,FALSE,"Structure with Ligand; High-Quality Ligand; Med-Quality Pocket","",0,NA,NA,"","Enzyme; Oxidoreductase",0,"C: druggable",FALSE
"ENSG00000023909","GCLM","Gclm",1,"Alveolar macrophages",0.00834691100572333,1.08697747925032,TRUE,FALSE,"","Human Protein Atlas loc",0,NA,NA,"","Unclassified protein",0,"C: druggable",FALSE
"ENSG00000100911","PSME2","Psme2",1,"Interstitial macrophages",0.22346460623613,1.05844310813661,TRUE,FALSE,"","",0,NA,NA,"","Unclassified protein",0,"C: druggable",FALSE
"ENSG00000213145","CRIP1","Crip1",3,"Alveolar macrophages; Dendritic cells; Interstitial macrophages",0.00237549840461932,1.05837697674367,TRUE,FALSE,"","Human Protein Atlas loc",0,NA,NA,"","",0,"C: druggable",FALSE
"ENSG00000002834","LASP1","Lasp1",1,"Alveolar macrophages",0.000742069157835522,1.05532874478143,TRUE,FALSE,"","Human Protein Atlas loc",0,NA,NA,"","Unclassified protein",0,"C: druggable",FALSE
"ENSG00000102317","RBM3","Rbm3",9,"Alveolar macrophages; B cells; Cycling cells; Dendritic cells; Interstitial macrophages; Monocytes; Neutrophils; NK cells; T cells",1.21709466222218e-09,1.02278061118061,TRUE,FALSE,"","",0,NA,NA,"","Unclassified protein",0,"C: druggable",FALSE
"ENSG00000095970","TREM2","Trem2",1,"Alveolar macrophages",0.011521102773646,1.02034615502067,TRUE,FALSE,"Structure with Ligand","UniProt loc high conf; GO CC high conf; UniProt SigP or TMHMM",0,NA,NA,"","",0,"C: druggable",FALSE
"ENSG00000204472","AIF1","Aif1",1,"Monocytes",0.177492504520493,1.00378039174523,TRUE,FALSE,"","UniProt loc med conf; GO CC med conf",0,NA,NA,"","",0,"C: druggable",FALSE
"ENSG00000135218","CD36","Cd36",2,"Alveolar macrophages; Interstitial macrophages",0.00900502607901438,1.00187336625537,TRUE,FALSE,"","UniProt loc high conf; GO CC high conf; UniProt loc med conf; UniProt SigP or TMHMM",0,NA,NA,"","Unclassified protein",4,"C: druggable",FALSE
"ENSG00000206503","HLA-A","H2-D1/H2-K1",2,"Dendritic cells; Interstitial macrophages",0.00526060287903829,1.0000211167995,TRUE,FALSE,"Structure with Ligand; High-Quality Ligand; Druggable Family","UniProt loc high conf; GO CC high conf; UniProt SigP or TMHMM; Human Protein Atlas loc",0,NA,NA,"","Surface antigen",11,"C: druggable",FALSE
"ENSG00000123095","BHLHE41","Bhlhe41",1,"Alveolar macrophages",0.000672104202054938,0.970777412220825,TRUE,FALSE,"","",0,NA,NA,"","",0,"C: druggable",FALSE
"ENSG00000148180","GSN","Gsn",1,"Alveolar macrophages",0.036284662726448,0.951499180800032,TRUE,FALSE,"Structure with Ligand","GO CC high conf; UniProt loc med conf; UniProt SigP or TMHMM",0,NA,NA,"","Unclassified protein",0,"C: druggable",FALSE
"ENSG00000171314","PGAM1","Pgam1",1,"Alveolar macrophages",0.000165607948798112,0.922514525347189,TRUE,FALSE,"Structure with Ligand; High-Quality Ligand; Med-Quality Pocket","GO CC high conf",0,NA,NA,"","Enzyme",0,"C: druggable",FALSE
"ENSG00000129226","CD68","Cd68",2,"Alveolar macrophages; Interstitial macrophages",0.0201057121217667,0.918888366866013,TRUE,FALSE,"","GO CC high conf; UniProt loc med conf; UniProt SigP or TMHMM",0,NA,NA,"","Unclassified protein",0,"C: druggable",FALSE
"ENSG00000087086","FTL","Ftl1",4,"Alveolar macrophages; B cells; Dendritic cells; Interstitial macrophages",6.41780475689257e-16,0.89467709192138,TRUE,FALSE,"Structure with Ligand; Med-Quality Pocket","GO CC high conf",0,NA,NA,"","",0,"C: druggable",FALSE
"ENSG00000090382","LYZ","Lyz2",1,"Interstitial macrophages",8.24911105570881e-06,0.879084107925865,TRUE,FALSE,"Structure with Ligand; High-Quality Pocket","GO CC high conf; UniProt loc med conf; UniProt SigP or TMHMM",0,NA,NA,"","",0,"C: druggable",FALSE
"ENSG00000117868","ESYT2","Esyt2",1,"Alveolar macrophages",0.0442688261577513,0.874807878985456,TRUE,FALSE,"Structure with Ligand","UniProt loc high conf; GO CC high conf; UniProt SigP or TMHMM",0,NA,NA,"","Unclassified protein",0,"C: druggable",FALSE
"ENSG00000107798","LIPA","Lipa",1,"Alveolar macrophages",2.04107764559546e-06,0.872523181101741,TRUE,FALSE,"High-Quality Ligand; Druggable Family","UniProt SigP or TMHMM",0,NA,NA,"","Enzyme; Hydrolase",0,"C: druggable",FALSE
"ENSG00000150977","RILPL2","Rilpl2",1,"Alveolar macrophages",0.0177015265035694,0.870934382583233,TRUE,FALSE,"Structure with Ligand","",0,NA,NA,"","",0,"C: druggable",FALSE
"ENSG00000275718","CCL15","Ccl6",2,"Alveolar macrophages; Interstitial macrophages",0.00689903567929331,0.86921810506394,TRUE,FALSE,"Structure with Ligand","UniProt loc med conf; UniProt SigP or TMHMM; GO CC med conf",0,NA,NA,"","",0,"C: druggable",FALSE
"ENSG00000108828","VAT1","Vat1",1,"Alveolar macrophages",4.24442355310201e-06,0.862494322391606,TRUE,FALSE,"Structure with Ligand","GO CC high conf; UniProt loc med conf",0,NA,NA,"","Enzyme; Oxidoreductase",0,"C: druggable",FALSE
"ENSG00000178741","COX5A","Cox5a",2,"Dendritic cells; Interstitial macrophages",0.11102191225396,0.842225116986972,TRUE,FALSE,"Structure with Ligand","UniProt loc high conf",0,NA,NA,"","Unclassified protein",0,"C: druggable",FALSE
"ENSG00000159199","ATP5MC1","Atp5g1",1,"Interstitial macrophages",0.165472879133623,0.842141282677089,TRUE,FALSE,"Structure with Ligand","UniProt SigP or TMHMM",0,NA,NA,"","",0,"C: druggable",FALSE
"ENSG00000125148","MT2A","Mt2",1,"Alveolar macrophages",0.0442701156075838,0.831498756894615,TRUE,FALSE,"","",0,NA,NA,"","",0,"C: druggable",FALSE
"ENSG00000114573","ATP6V1A","Atp6v1a",1,"Alveolar macrophages",0.000885128244460469,0.829909228932059,TRUE,FALSE,"Structure with Ligand","UniProt loc high conf; GO CC high conf",0,NA,NA,"","Enzyme; Hydrolase",0,"C: druggable",FALSE
"ENSG00000165457","FOLR2","Folr2",1,"Interstitial macrophages",0.209375934475713,0.820298880312917,TRUE,FALSE,"Structure with Ligand; High-Quality Ligand","UniProt loc high conf; GO CC high conf; UniProt loc med conf; UniProt SigP or TMHMM",0,NA,NA,"","Membrane receptor",0,"C: druggable",FALSE
"ENSG00000196975","ANXA4","Anxa4",1,"Alveolar macrophages",0.000148940052131275,0.82028889076903,TRUE,FALSE,"","GO CC high conf; UniProt loc med conf",0,NA,NA,"","Unclassified protein",0,"C: druggable",FALSE
"ENSG00000196154","S100A4","S100a4",1,"T cells",0.174346929922788,0.818801993305282,TRUE,FALSE,"Structure with Ligand; High-Quality Ligand","UniProt loc high conf; GO CC med conf",0,NA,NA,"","Unclassified protein",0,"C: druggable",FALSE
"ENSG00000102970","CCL17","Ccl17",1,"Dendritic cells",3.29289961548349e-05,0.816512614032101,TRUE,FALSE,"Med-Quality Pocket","UniProt loc high conf; GO CC high conf; UniProt SigP or TMHMM",0,NA,NA,"","Secreted protein",0,"C: druggable",FALSE
"ENSG00000185825","BCAP31","Bcap31",1,"Alveolar macrophages",0.00629719781120429,0.814184567343031,TRUE,FALSE,"","GO CC high conf; UniProt SigP or TMHMM",0,NA,NA,"","Unclassified protein",0,"C: druggable",FALSE
"ENSG00000067225","PKM","Pkm",1,"Alveolar macrophages",0.000198893609217086,0.803959639752273,TRUE,FALSE,"Structure with Ligand; High-Quality Ligand; High-Quality Pocket; Druggable Family","GO CC high conf",0,NA,NA,"","Enzyme",0,"C: druggable",FALSE
"ENSG00000142657","PGD","Pgd",1,"Alveolar macrophages",0.000299253685640367,0.803009121668657,TRUE,FALSE,"Structure with Ligand; High-Quality Pocket; Druggable Family","",0,NA,NA,"","Enzyme; Oxidoreductase",0,"C: druggable",FALSE
"ENSG00000162772","ATF3","Atf3",1,"Alveolar macrophages",0.0768134763644574,0.799035165808033,TRUE,FALSE,"","",0,NA,NA,"","",0,"C: druggable",FALSE
"ENSG00000103490","PYCARD","Pycard",1,"Alveolar macrophages",0.00147381703202467,0.792816451097156,TRUE,FALSE,"","GO CC high conf",0,NA,NA,"","Unclassified protein",0,"C: druggable",FALSE
"ENSG00000069956","MAPK6","Mapk6",1,"Alveolar macrophages",0.0200695028690565,0.791749804315279,TRUE,FALSE,"Structure with Ligand; High-Quality Ligand; High-Quality Pocket; Druggable Family","",0,NA,NA,"","CMGC protein kinase group; CMGC protein kinase ERK3; Enzyme; CMGC protein kinase MAPK family; Kinase; Protein Kinase",0,"C: druggable",FALSE
"ENSG00000034510","TMSB10","Tmsb10",1,"Interstitial macrophages",0.136445041583978,0.786093577805146,TRUE,FALSE,"","",0,NA,NA,"","Unclassified protein",0,"C: druggable",FALSE
"ENSG00000118257","NRP2","Nrp2",1,"Alveolar macrophages",0.0898245944342493,0.777637534655175,TRUE,FALSE,"","UniProt loc high conf; GO CC high conf; UniProt SigP or TMHMM; Human Protein Atlas loc",0,NA,NA,"","Unclassified protein",0,"C: druggable",FALSE
"ENSG00000110651","CD81","Cd81",1,"Alveolar macrophages",0.0071937319005623,0.771779124836171,TRUE,FALSE,"Structure with Ligand; High-Quality Ligand","UniProt loc high conf; GO CC high conf; UniProt SigP or TMHMM; Human Protein Atlas loc",0,NA,NA,"","Surface antigen",0,"C: druggable",FALSE
"ENSG00000077585","GPR137B","Gpr137b",1,"Alveolar macrophages",0.00191136221030213,0.769203076479259,TRUE,FALSE,"","GO CC high conf; UniProt SigP or TMHMM",0,NA,NA,"","",0,"C: druggable",FALSE
"ENSG00000243678","NME2","Nme2",4,"B cells; Dendritic cells; Interstitial macrophages; T cells",0.129437047674127,0.76694006831956,TRUE,FALSE,"Structure with Ligand; High-Quality Ligand; Med-Quality Pocket","GO CC high conf",0,NA,NA,"","Enzyme; Transferase",0,"C: druggable",FALSE
"ENSG00000174307","PHLDA3","Phlda3",1,"Alveolar macrophages",0.0836550083432013,0.761325790213006,TRUE,FALSE,"","UniProt loc high conf; GO CC high conf",0,NA,NA,"","",0,"C: druggable",FALSE
"ENSG00000119632","IFI27L2","Ifi27l2a",1,"Alveolar macrophages",0.0492152195048643,0.759399789985993,TRUE,FALSE,"","UniProt SigP or TMHMM",0,NA,NA,"","",0,"C: druggable",FALSE
"ENSG00000189060","H1-0","H1f0",1,"Alveolar macrophages",0.176940523409139,0.754861886098169,TRUE,FALSE,"Structure with Ligand","",0,NA,NA,"","Other nuclear protein",0,"C: druggable",FALSE
"ENSG00000169756","LIMS1","Lims1",1,"Alveolar macrophages",0.205945946089569,0.753705987233709,TRUE,FALSE,"","UniProt loc med conf; GO CC med conf",0,NA,NA,"","Unclassified protein",0,"C: druggable",FALSE
"ENSG00000117984","CTSD","Ctsd",2,"Alveolar macrophages; Interstitial macrophages",0.0994143268029675,0.744611374002393,TRUE,FALSE,"Structure with Ligand; High-Quality Ligand; High-Quality Pocket; Druggable Family","GO CC high conf; UniProt loc med conf; UniProt SigP or TMHMM",0,NA,NA,"","Aspartic protease; Aspartic protease A1A subfamily; Protease; Enzyme; Aspartic protease AA clan",1,"C: druggable",FALSE
"ENSG00000166821","PEX11A","Pex11a",1,"Alveolar macrophages",0.104203377758966,0.743382097070483,TRUE,FALSE,"","UniProt SigP or TMHMM",0,NA,NA,"","",0,"C: druggable",FALSE
"ENSG00000130429","ARPC1B","Arpc1b",3,"Alveolar macrophages; Dendritic cells; Interstitial macrophages",0.0937156140756413,0.741222957215691,TRUE,FALSE,"Structure with Ligand","",0,NA,NA,"","Unclassified protein",0,"C: druggable",FALSE
"ENSG00000021355","SERPINB1","Serpinb1a",1,"Alveolar macrophages",0.00231867058068795,0.740813049355634,TRUE,FALSE,"","UniProt loc high conf; GO CC high conf",0,NA,NA,"","Unclassified protein",0,"C: druggable",FALSE
"ENSG00000135940","COX5B","Cox5b",2,"Dendritic cells; Interstitial macrophages",0.164886061242335,0.731125321554188,TRUE,FALSE,"Structure with Ligand","UniProt loc high conf",0,NA,NA,"","Unclassified protein",0,"C: druggable",FALSE
"ENSG00000166710","B2M","B2m",1,"Interstitial macrophages",0.0272924608489483,0.729794702021241,TRUE,FALSE,"Structure with Ligand; High-Quality Pocket","UniProt loc high conf; GO CC high conf; UniProt SigP or TMHMM; Human Protein Atlas loc",0,NA,NA,"","Unclassified protein",0,"C: druggable",FALSE
"ENSG00000172215","CXCR6","Cxcr6",1,"T cells",0.00158533493176813,0.725750514329391,TRUE,FALSE,"High-Quality Ligand; Druggable Family","GO CC high conf; UniProt loc med conf; UniProt SigP or TMHMM",0,NA,NA,"","Peptide receptor (family A GPCR); Membrane receptor; Family A G protein-coupled receptor; CXC chemokine receptor; Chemokine receptor",0,"C: druggable",FALSE
"ENSG00000115738","ID2","Id2",1,"Alveolar macrophages",0.00834691100572333,0.718951823956407,TRUE,FALSE,"","",0,NA,NA,"","",0,"C: druggable",FALSE
"ENSG00000154518","ATP5MC3","Atp5g3",2,"Dendritic cells; Interstitial macrophages",0.0878941778615357,0.715501584549455,TRUE,FALSE,"","UniProt SigP or TMHMM",0,NA,NA,"","",0,"C: druggable",FALSE
"ENSG00000100644","HIF1A","Hif1a",1,"Alveolar macrophages",0.0930431767444476,0.714301935722494,TRUE,FALSE,"Structure with Ligand; High-Quality Ligand; Druggable Family","",0,NA,NA,"","Epigenetic regulator; Histone acetyltransferase; p300/CBP family; Transcription factor; Writer",7,"C: druggable",FALSE
"ENSG00000060138","YBX3","Ybx3",1,"Alveolar macrophages",0.0493557353670416,0.708872402197864,TRUE,FALSE,"","",0,NA,NA,"","Transcription factor",0,"C: druggable",FALSE
"ENSG00000205755","CRLF2","Crlf2",1,"Alveolar macrophages",0.16739562634566,0.708800905663918,TRUE,FALSE,"","UniProt loc high conf; GO CC high conf; UniProt SigP or TMHMM; Human Protein Atlas loc",0,NA,NA,"","",0,"C: druggable",FALSE
"ENSG00000196923","PDLIM7","Pdlim7",1,"Alveolar macrophages",0.245958792964689,0.69252429132209,TRUE,FALSE,"","",0,NA,NA,"","",0,"C: druggable",FALSE
"ENSG00000186818","LILRB4","Lilrb4a",2,"Alveolar macrophages; Neutrophils",0.00221310908177751,0.692512075573436,TRUE,FALSE,"","UniProt loc high conf; UniProt SigP or TMHMM; GO CC med conf",0,NA,NA,"","",0,"C: druggable",FALSE
"ENSG00000167996","FTH1","Fth1",2,"Alveolar macrophages; B cells",8.5121467590162e-11,0.690006839186286,TRUE,FALSE,"Structure with Ligand","GO CC high conf",0,NA,NA,"","Enzyme; Oxidoreductase",0,"C: druggable",FALSE
"ENSG00000152213","ARL11","Arl11",1,"Alveolar macrophages",0.0797101407963552,0.687171418995501,TRUE,FALSE,"","GO CC med conf",0,NA,NA,"","",0,"C: druggable",FALSE
"ENSG00000124570","SERPINB6","Serpinb6a",1,"Alveolar macrophages",0.0627564573925259,0.686557750467585,TRUE,FALSE,"","GO CC high conf",0,NA,NA,"","Unclassified protein",0,"C: druggable",FALSE
"ENSG00000138119","MYOF","Myof",1,"Alveolar macrophages",0.0086775473474462,0.68432356419633,TRUE,FALSE,"","GO CC high conf; UniProt loc med conf; UniProt SigP or TMHMM; Human Protein Atlas loc",0,NA,NA,"","Unclassified protein",0,"C: druggable",FALSE
"ENSG00000169764","UGP2","Ugp2",1,"Alveolar macrophages",0.020730793756128,0.680058623784298,TRUE,FALSE,"Structure with Ligand","",0,NA,NA,"","Enzyme; Transferase",0,"C: druggable",FALSE
"ENSG00000108518","PFN1","Pfn1",4,"B cells; Dendritic cells; Interstitial macrophages; T cells",0.0193466513686299,0.676637954473161,TRUE,FALSE,"Structure with Ligand","",0,NA,NA,"","Unclassified protein",0,"C: druggable",FALSE
"ENSG00000185883","ATP6V0C","Atp6v0c",2,"Alveolar macrophages; Interstitial macrophages",3.45197749945644e-05,0.675148613176136,TRUE,FALSE,"Structure with Ligand","GO CC high conf; UniProt SigP or TMHMM",0,NA,NA,"","Unclassified protein",0,"C: druggable",FALSE
"ENSG00000126267","COX6B1","Cox6b1",1,"Interstitial macrophages",0.244458020046424,0.67289579645366,TRUE,FALSE,"Structure with Ligand","UniProt loc high conf",0,NA,NA,"","Unclassified protein",0,"C: druggable",FALSE
"ENSG00000169714","CNBP","Cnbp",3,"Alveolar macrophages; Dendritic cells; T cells",0.00236037174225452,0.661469694858529,TRUE,FALSE,"","",0,NA,NA,"","Unclassified protein",0,"C: druggable",FALSE
"ENSG00000185201","IFITM2","Ifitm2",2,"Interstitial macrophages; Neutrophils",0.0102890524316221,0.657390448330335,TRUE,FALSE,"","UniProt loc high conf; GO CC high conf; UniProt SigP or TMHMM",0,NA,NA,"","",0,"C: druggable",FALSE
"ENSG00000101160","CTSZ","Ctsz",1,"Interstitial macrophages",0.190549321990845,0.65519198912215,TRUE,FALSE,"High-Quality Ligand; Druggable Family","GO CC high conf; UniProt SigP or TMHMM",0,NA,NA,"","Cysteine protease; Cysteine protease CA clan; Enzyme; Protease; Cysteine protease C1A family",0,"C: druggable",FALSE
"ENSG00000164733","CTSB","Ctsb",2,"Alveolar macrophages; Interstitial macrophages",0.00310581529023424,0.645109805036419,TRUE,FALSE,"Structure with Ligand; High-Quality Ligand; High-Quality Pocket; Druggable Family","GO CC high conf; UniProt loc med conf; UniProt SigP or TMHMM",0,NA,NA,"","Cysteine protease; Cysteine protease CA clan; Enzyme; Protease; Cysteine protease C1A family",0,"C: druggable",FALSE
"ENSG00000169567","HINT1","Hint1",3,"Alveolar macrophages; Dendritic cells; Interstitial macrophages",0.0878941778615357,0.643152509042415,TRUE,FALSE,"Structure with Ligand; High-Quality Ligand","GO CC high conf; Human Protein Atlas loc",0,NA,NA,"","Enzyme; Hydrolase",0,"C: druggable",FALSE
"ENSG00000254772","EEF1G","Eef1g",1,"Alveolar macrophages",0.0159649178768806,0.641017843273249,TRUE,FALSE,"","",0,NA,NA,"","Unclassified protein",0,"C: druggable",FALSE
"ENSG00000100055","CYTH4","Cyth4",1,"Alveolar macrophages",0.118562167615356,0.636349407499037,TRUE,FALSE,"","UniProt loc high conf; GO CC high conf; Human Protein Atlas loc",0,NA,NA,"","",0,"C: druggable",FALSE
"ENSG00000163191","S100A11","S100a11",2,"Dendritic cells; T cells",8.7932150954646e-05,0.634160949955247,TRUE,FALSE,"","GO CC high conf",0,NA,NA,"","Unclassified protein",0,"C: druggable",FALSE
"ENSG00000198959","TGM2","Tgm2",1,"Alveolar macrophages",0.125551167458605,0.632784995722511,TRUE,FALSE,"Structure with Ligand; High-Quality Ligand; High-Quality Pocket; Druggable Family","UniProt loc high conf; GO CC high conf; UniProt loc med conf; Human Protein Atlas loc",0,NA,NA,"","Protein-glutamine glutamyl-transferase; Enzyme; Aminoacyltransferase",0,"C: druggable",FALSE
"ENSG00000161011","SQSTM1","Sqstm1",1,"Alveolar macrophages",0.000489903668211342,0.632185264111539,TRUE,FALSE,"Structure with Ligand; High-Quality Ligand","",0,NA,NA,"","Unclassified protein",0,"C: druggable",FALSE
"ENSG00000147650","LRP12","Lrp12",1,"Alveolar macrophages",0.106995409367613,0.629809967496483,TRUE,FALSE,"","GO CC high conf; UniProt SigP or TMHMM; Human Protein Atlas loc",0,NA,NA,"","",0,"C: druggable",FALSE
"ENSG00000130066","SAT1","Sat1",1,"Interstitial macrophages",0.209375934475713,0.626785303267767,TRUE,FALSE,"Structure with Ligand; High-Quality Ligand; High-Quality Pocket","",0,NA,NA,"","Enzyme; Transferase",0,"C: druggable",FALSE
"ENSG00000155097","ATP6V1C1","Atp6v1c1",1,"Alveolar macrophages",0.0119678969330079,0.625886093028827,TRUE,FALSE,"Structure with Ligand","UniProt loc high conf; GO CC med conf",0,NA,NA,"","Unclassified protein",0,"C: druggable",FALSE
"ENSG00000085117","CD82","Cd82",1,"T cells",0.0107655251199158,0.615152049794671,TRUE,FALSE,"","UniProt loc high conf; GO CC high conf; UniProt SigP or TMHMM",0,NA,NA,"","",0,"C: druggable",FALSE
"ENSG00000138964","PARVG","Parvg",1,"Alveolar macrophages",0.21448070403906,0.609084100651765,TRUE,FALSE,"","UniProt loc med conf; GO CC med conf",0,NA,NA,"","Unclassified protein",0,"C: druggable",FALSE
"ENSG00000166340","TPP1","Tpp1",1,"Alveolar macrophages",0.221811389770442,0.608763695188516,TRUE,FALSE,"High-Quality Pocket","UniProt SigP or TMHMM",0,NA,NA,"","Enzyme; Hydrolase",0,"C: druggable",FALSE
"ENSG00000197956","S100A6","S100a6",1,"T cells",4.37690873402624e-06,0.603020859084712,TRUE,FALSE,"","GO CC high conf; UniProt loc med conf; Human Protein Atlas loc",0,NA,NA,"","Unclassified protein",0,"C: druggable",FALSE
"ENSG00000206531","CD200R1L","Cd200r4",1,"Alveolar macrophages",0.127892841154359,0.599777623143124,TRUE,FALSE,"","UniProt SigP or TMHMM",0,NA,NA,"","",0,"C: druggable",FALSE
"ENSG00000175390","EIF3F","Eif3f",3,"Alveolar macrophages; B cells; Dendritic cells",0.00221310908177751,0.599581433930198,TRUE,FALSE,"Structure with Ligand","",0,NA,NA,"","Enzyme",0,"C: druggable",FALSE
"ENSG00000120708","TGFBI","Tgfbi",1,"Alveolar macrophages",0.000574618397515007,0.597908988259269,TRUE,FALSE,"","UniProt loc high conf; GO CC high conf; UniProt SigP or TMHMM",0,NA,NA,"","Unclassified protein",0,"C: druggable",FALSE
"ENSG00000086062","B4GALT1","B4galt1",1,"Alveolar macrophages",0.0715536805649502,0.595366549536935,TRUE,FALSE,"Structure with Ligand; High-Quality Ligand; Med-Quality Pocket","UniProt loc high conf; GO CC high conf; UniProt loc med conf; UniProt SigP or TMHMM",0,NA,NA,"","Enzyme",0,"C: druggable",FALSE
"ENSG00000170315","UBB","Ubb",3,"Dendritic cells; Interstitial macrophages; T cells",0.091058885914032,0.59213367993647,TRUE,FALSE,"Structure with Ligand","UniProt loc high conf; GO CC high conf",0,NA,NA,"","Unclassified protein",0,"C: druggable",FALSE
"ENSG00000100600","LGMN","Lgmn",1,"Interstitial macrophages",0.0887719479694892,0.585210085771605,TRUE,FALSE,"Structure with Ligand; High-Quality Ligand","GO CC high conf; UniProt SigP or TMHMM",0,NA,NA,"","Cysteine protease CD clan; Cysteine protease; Cysteine protease C13 family; Enzyme; Protease",0,"C: druggable",FALSE
"ENSG00000178980","SELENOW","Selenow",1,"Alveolar macrophages",0.00689903567929331,0.620388055756968,FALSE,FALSE,"","",0,NA,NA,"","",0,"D: none/unknown",FALSE
