id,sample,timepoint,treat
GSM6792069,1001-1,Cord,nonBPD
GSM6792070,1001-1,Day28,nonBPD
GSM6792071,1005-1,Cord,nonBPD
GSM6792072,1005-1,Day28,nonBPD
GSM6792073,1006-1,Cord,nonBPD
GSM6792074,1006-1,Day14,nonBPD
GSM6792075,1006-1,Day28,nonBPD
GSM6792076,1007-1,Cord,BPD
GSM6792077,1007-1,Day14,BPD
GSM6792078,1007-1,Day28,BPD
GSM6792079,1009-2,Cord,BPD
GSM6792080,1009-2,Day14,BPD
GSM6792081,1009-2,Day28,BPD
GSM6792082,1010-1,Cord,nonBPD
GSM6792083,1010-1,Day14,nonBPD
GSM6792084,1010-1,Day28,nonBPD
GSM6792085,1011-1,Cord,nonBPD
GSM6792086,1011-1,Day14,nonBPD
GSM6792087,1011-1,Day28,nonBPD
GSM6792088,1012-1,Cord,BPD
GSM6792089,1012-1,Day14,BPD
GSM6792090,1012-1,Day28,BPD
GSM6792091,1013-1,Cord,BPD
GSM6792092,1013-1,Day14,BPD
GSM6792093,1013-1,Day28,BPD
GSM6792094,1014-1,Cord,BPD
GSM6792095,1015-1,Cord,nonBPD
GSM6792096,1015-1,Day14,nonBPD
GSM6792097,1015-1,Day28,nonBPD
GSM6792098,1016-1,Cord,nonBPD
GSM6792099,1016-1,Day14,nonBPD
GSM6792100,1017-1,Day28,nonBPD
GSM6792101,1018-1,Cord,nonBPD
GSM6792102,1018-1,Day14,nonBPD
GSM6792103,1018-1,Day28,nonBPD
GSM6792104,1019-1,Cord,nonBPD
GSM6792105,1019-1,Day14,nonBPD
GSM6792106,1019-1,Day28,nonBPD
GSM6792107,1021-1,Cord,nonBPD
GSM6792108,1021-1,Day14,nonBPD
GSM6792109,1022-1,Cord,nonBPD
GSM6792110,1022-1,Day14,nonBPD
GSM6792111,1025-1,Day14,nonBPD
GSM6792112,1026-1,Day28,nonBPD
GSM6792113,1027-1,Day14,nonBPD
GSM6792114,1027-1,Day28,nonBPD
GSM6792115,1028-1,Cord,nonBPD
GSM6792116,1028-1,Day14,nonBPD
GSM6792117,1028-1,Day28,nonBPD
GSM6792118,1029-1,Cord,nonBPD
GSM6792119,1029-1,Day14,nonBPD
GSM6792120,1029-1,Day28,nonBPD
GSM6792121,1029-2,Cord,nonBPD
GSM6792122,1029-2,Day14,nonBPD
GSM6792123,1029-2,Day28,nonBPD
GSM6792124,1030-1,Cord,nonBPD
GSM6792125,1030-1,Day14,nonBPD
GSM6792126,1030-1,Day28,nonBPD
GSM6792127,1030-2,Cord,nonBPD
GSM6792128,1030-2,Day14,nonBPD
GSM6792129,1030-2,Day28,nonBPD
GSM6792130,1031-1,Cord,nonBPD
GSM6792131,1031-1,Day14,nonBPD
GSM6792132,1031-1,Day28,nonBPD
GSM6792133,1033-1,Cord,nonBPD
GSM6792134,1033-1,Day14,nonBPD
GSM6792135,1033-1,Day28,nonBPD
GSM6792136,1036-1,Day14,nonBPD
GSM6792137,1036-1,Day28,nonBPD
GSM6792138,1037-1,Cord,BPD
GSM6792139,1037-1,Day14,BPD
GSM6792140,1037-1,Day28,BPD
GSM6792141,1038-1,Cord,nonBPD
GSM6792142,1038-1,Day14,nonBPD
GSM6792143,1038-1,Day28,nonBPD
GSM6792144,1039-1,Cord,nonBPD
GSM6792145,1039-1,Day14,nonBPD
GSM6792146,1040-1,Cord,nonBPD
GSM6792147,2002-1,Cord,BPD
GSM6792148,2002-1,Day14,BPD
GSM6792149,2002-1,Day28,BPD
GSM6792150,2003-1,Cord,nonBPD
GSM6792151,2003-1,Day14,nonBPD
GSM6792152,2003-1,Day28,nonBPD
GSM6792153,2003-2,Cord,BPD
GSM6792154,2003-2,Day14,BPD
GSM6792155,2003-2,Day28,BPD
GSM6792156,2004-1,Day14,nonBPD
GSM6792157,2004-1,Day28,nonBPD
GSM6792158,2005-1,Cord,nonBPD
GSM6792159,2005-1,Day14,nonBPD
GSM6792160,2005-1,Day28,nonBPD
GSM6792161,2005-2,Cord,nonBPD
GSM6792162,2005-2,Day14,nonBPD
GSM6792163,2005-2,Day28,nonBPD
GSM6792164,2006-1,Cord,nonBPD
GSM6792165,2006-1,Day28,nonBPD
GSM6792166,2008-1,Day14,nonBPD
GSM6792167,2009-1,Day28,nonBPD
GSM6792168,2011-1,Cord,nonBPD
GSM6792169,2011-1,Day14,nonBPD
GSM6792170,2011-1,Day28,nonBPD
GSM6792171,2012-1,Day14,BPD
GSM6792172,2012-1,Day28,BPD
GSM6792173,2014-1,Cord,BPD
GSM6792174,2014-1,Day14,BPD
GSM6792175,2014-1,Day28,BPD
GSM6792176,2015-1,Cord,nonBPD
GSM6792177,2015-1,Day14,nonBPD
GSM6792178,2015-1,Day28,nonBPD
GSM6792179,2017-1,Cord,BPD
GSM6792180,2017-1,Day14,BPD
GSM6792181,2017-1,Day28,BPD
GSM6792182,2019-1,Day14,nonBPD
GSM6792183,2019-1,Day28,nonBPD
GSM6792184,2020-1,Day28,nonBPD
GSM6792185,2021-1,Cord,nonBPD
GSM6792186,2021-1,Day14,nonBPD
GSM6792187,2021-1,Day28,nonBPD
GSM6792188,2021-2,Cord,nonBPD
GSM6792189,2021-2,Day14,nonBPD
GSM6792190,2021-2,Day28,nonBPD
GSM6792191,2022-1,Cord,nonBPD
GSM6792192,2022-1,Day28,nonBPD
GSM6792193,2023-1,Cord,nonBPD
GSM6792194,2023-1,Day14,nonBPD
GSM6792195,2023-1,Day28,nonBPD
GSM6792196,2024-1,Cord,nonBPD
GSM6792197,2024-1,Day14,nonBPD
GSM6792198,3001-1,Cord,nonBPD
GSM6792199,3002-1,Cord,nonBPD
GSM6792200,3002-1,Day14,nonBPD
GSM6792201,3002-1,Day28,nonBPD
GSM6792202,3003-1,Cord,nonBPD
GSM6792203,3003-1,Day14,nonBPD
GSM6792204,3003-1,Day28,nonBPD
GSM6792205,3004-1,Cord,nonBPD
GSM6792206,3004-1,Day14,nonBPD
GSM6792207,3004-1,Day28,nonBPD
GSM6792208,3006-1,Day28,nonBPD
GSM6792209,3008-1,Cord,nonBPD
GSM6792210,3008-1,Day14,nonBPD
GSM6792211,3008-1,Day28,nonBPD
GSM6792212,3009-1,Day14,nonBPD
GSM6792213,3009-1,Day28,nonBPD
GSM6792214,3009-3,Cord,nonBPD
GSM6792215,3009-3,Day14,nonBPD
GSM6792216,3010-1,Cord,nonBPD
GSM6792217,3010-1,Day28,nonBPD
GSM6792218,3010-2,Cord,nonBPD
GSM6792219,3010-2,Day14,nonBPD
GSM6792220,3010-2,Day28,nonBPD
GSM6792221,3011-1,Day14,nonBPD
GSM6792222,3011-1,Day28,nonBPD
GSM6792223,3011-2,Cord,nonBPD
GSM6792224,3011-2,Day28,nonBPD
GSM6792225,3012-1,Cord,BPD
GSM6792226,3012-1,Day14,BPD
GSM6792227,3012-1,Day28,BPD
GSM6792228,3013-1,Cord,BPD
GSM6792229,3013-1,Day14,BPD
GSM6792230,3013-1,Day28,BPD
GSM6792231,3015-1,Cord,nonBPD
GSM6792232,3015-1,Day14,nonBPD
GSM6792233,3015-1,Day28,nonBPD
GSM6792234,3016-1,Cord,nonBPD
GSM6792235,3016-1,Day28,nonBPD
GSM6792236,3017-1,Cord,BPD
GSM6792237,3017-1,Day14,BPD
GSM6792238,3018-1,Cord,nonBPD
GSM6792239,3018-1,Day28,nonBPD
GSM6792240,3019-1,Cord,nonBPD
GSM6792241,3019-1,Day14,nonBPD
GSM6792242,4002-1,Cord,nonBPD
GSM6792243,4002-1,Day14,nonBPD
GSM6792244,4002-1,Day28,nonBPD
GSM6792245,4005-1,Day14,BPD
GSM6792246,4005-1,Day28,BPD
GSM6792247,4007-1,Cord,nonBPD
GSM6792248,4007-1,Day14,nonBPD
GSM6792249,4008-1,Day14,nonBPD
GSM6792250,4009-1,Cord,nonBPD
GSM6792251,4009-1,Day14,nonBPD
GSM6792252,4009-1,Day28,nonBPD
GSM6792253,4010-1,Cord,nonBPD
GSM6792254,4010-1,Day14,nonBPD
GSM6792255,4010-1,Day28,nonBPD
GSM6792256,4010-2,Cord,nonBPD
GSM6792257,4010-2,Day14,nonBPD
GSM6792258,4010-2,Day28,nonBPD
GSM6792259,4011-1,Cord,nonBPD
GSM6792260,4011-1,Day14,nonBPD
GSM6792261,4011-1,Day28,nonBPD
GSM6792262,4012-1,Cord,nonBPD
GSM6792263,4012-1,Day14,nonBPD
GSM6792264,4012-1,Day28,nonBPD
GSM6792265,4013-1,Cord,nonBPD
GSM6792266,4013-1,Day14,nonBPD
GSM6792267,4013-1,Day28,nonBPD
GSM6792268,4014-1,Cord,nonBPD
GSM6792269,4014-1,Day14,nonBPD
GSM6792270,4015-1,Cord,nonBPD
GSM6792271,4015-1,Day14,nonBPD
GSM6792272,4015-1,Day28,nonBPD
